timestamp,level,message
2026-02-01 09:00:00,ERROR,Application started
2026-02-01 09:00:45,WARNING,Timeout on request
2026-02-01 09:01:30,ERROR,High memory usage detected
2026-02-01 09:02:15,WARNING,Timeout on request
2026-02-01 09:03:00,ERROR,Cache cleared successfully
2026-02-01 09:03:45,ERROR,Failed to connect to database
2026-02-01 09:04:30,WARNING,User logged in
2026-02-01 09:05:15,WARNING,Timeout on request
2026-02-01 09:06:00,WARNING,High memory usage detected
2026-02-01 09:06:45,INFO,Cache cleared successfully
2026-02-01 09:07:30,WARNING,Disk space running low
2026-02-01 09:08:15,INFO,Cache cleared successfully
2026-02-01 09:09:00,INFO,Application started
2026-02-01 09:09:45,ERROR,Failed to connect to database
2026-02-01 09:10:30,ERROR,Application started
2026-02-01 09:11:15,INFO,Service restarted
2026-02-01 09:12:00,ERROR,Service restarted
2026-02-01 09:12:45,WARNING,Service restarted
2026-02-01 09:13:30,WARNING,User logged in
2026-02-01 09:14:15,WARNING,Scheduled task completed
2026-02-01 09:15:00,ERROR,Failed to connect to database
2026-02-01 09:15:45,WARNING,Disk space running low
2026-02-01 09:16:30,ERROR,Service restarted
2026-02-01 09:17:15,INFO,Cache cleared successfully
2026-02-01 09:18:00,INFO,Disk space running low
2026-02-01 09:18:45,ERROR,User logged in
2026-02-01 09:19:30,ERROR,User logged in
2026-02-01 09:20:15,WARNING,High memory usage detected
2026-02-01 09:21:00,INFO,Unexpected input received
2026-02-01 09:21:45,WARNING,Scheduled task completed
2026-02-01 09:22:30,WARNING,Scheduled task completed
2026-02-01 09:23:15,INFO,User logged in
2026-02-01 09:24:00,ERROR,Timeout on request
2026-02-01 09:24:45,INFO,Scheduled task completed
2026-02-01 09:25:30,INFO,High memory usage detected
2026-02-01 09:26:15,INFO,User logged in
2026-02-01 09:27:00,INFO,Failed to connect to database
2026-02-01 09:27:45,ERROR,Timeout on request
2026-02-01 09:28:30,ERROR,Scheduled task completed
2026-02-01 09:29:15,WARNING,Failed to connect to database
2026-02-01 09:30:00,INFO,Service restarted
2026-02-01 09:30:45,ERROR,Cache cleared successfully
2026-02-01 09:31:30,ERROR,Unexpected input received
2026-02-01 09:32:15,INFO,High memory usage detected
2026-02-01 09:33:00,WARNING,Cache cleared successfully
2026-02-01 09:33:45,WARNING,Service restarted
2026-02-01 09:34:30,WARNING,Timeout on request
2026-02-01 09:35:15,ERROR,Service restarted
2026-02-01 09:36:00,ERROR,Cache cleared successfully
2026-02-01 09:36:45,ERROR,High memory usage detected
2026-02-01 09:37:30,ERROR,Failed to connect to database
2026-02-01 09:38:15,ERROR,Application started
2026-02-01 09:39:00,ERROR,Disk space running low
2026-02-01 09:39:45,WARNING,Scheduled task completed
2026-02-01 09:40:30,INFO,User logged in
2026-02-01 09:41:15,INFO,Cache cleared successfully
2026-02-01 09:42:00,ERROR,High memory usage detected
2026-02-01 09:42:45,INFO,Service restarted
2026-02-01 09:43:30,ERROR,Failed to connect to database
2026-02-01 09:44:15,WARNING,Service restarted
2026-02-01 09:45:00,INFO,Disk space running low
2026-02-01 09:45:45,ERROR,Timeout on request
2026-02-01 09:46:30,ERROR,Scheduled task completed
2026-02-01 09:47:15,INFO,User logged in
2026-02-01 09:48:00,WARNING,Disk space running low
2026-02-01 09:48:45,ERROR,Scheduled task completed
2026-02-01 09:49:30,ERROR,Unexpected input received
2026-02-01 09:50:15,INFO,Service restarted
2026-02-01 09:51:00,INFO,Scheduled task completed
2026-02-01 09:51:45,WARNING,High memory usage detected
2026-02-01 09:52:30,ERROR,Service restarted
2026-02-01 09:53:15,INFO,Timeout on request
2026-02-01 09:54:00,WARNING,Disk space running low
2026-02-01 09:54:45,INFO,Timeout on request
2026-02-01 09:55:30,INFO,Scheduled task completed
2026-02-01 09:56:15,INFO,Cache cleared successfully
2026-02-01 09:57:00,WARNING,High memory usage detected
2026-02-01 09:57:45,INFO,Failed to connect to database
2026-02-01 09:58:30,INFO,Failed to connect to database
2026-02-01 09:59:15,WARNING,Unexpected input received
2026-02-01 10:00:00,WARNING,High memory usage detected
2026-02-01 10:00:45,WARNING,High memory usage detected
2026-02-01 10:01:30,WARNING,Service restarted
2026-02-01 10:02:15,INFO,Failed to connect to database
2026-02-01 10:03:00,INFO,Scheduled task completed
2026-02-01 10:03:45,WARNING,Disk space running low
2026-02-01 10:04:30,ERROR,Scheduled task completed
2026-02-01 10:05:15,ERROR,Failed to connect to database
2026-02-01 10:06:00,INFO,Failed to connect to database
2026-02-01 10:06:45,ERROR,User logged in
2026-02-01 10:07:30,WARNING,Service restarted
2026-02-01 10:08:15,WARNING,Service restarted
2026-02-01 10:09:00,WARNING,Application started
2026-02-01 10:09:45,ERROR,Unexpected input received
2026-02-01 10:10:30,ERROR,Scheduled task completed
2026-02-01 10:11:15,WARNING,Unexpected input received
2026-02-01 10:12:00,INFO,High memory usage detected
2026-02-01 10:12:45,INFO,User logged in
2026-02-01 10:13:30,WARNING,Cache cleared successfully
2026-02-01 10:14:15,INFO,High memory usage detected
2026-02-01 10:15:00,WARNING,High memory usage detected
2026-02-01 10:15:45,WARNING,Application started
2026-02-01 10:16:30,ERROR,Scheduled task completed
2026-02-01 10:17:15,WARNING,Scheduled task completed
2026-02-01 10:18:00,INFO,High memory usage detected
2026-02-01 10:18:45,WARNING,Unexpected input received
2026-02-01 10:19:30,ERROR,High memory usage detected
2026-02-01 10:20:15,INFO,Application started
2026-02-01 10:21:00,WARNING,Failed to connect to database
2026-02-01 10:21:45,INFO,Unexpected input received
2026-02-01 10:22:30,ERROR,Failed to connect to database
2026-02-01 10:23:15,ERROR,User logged in
2026-02-01 10:24:00,ERROR,User logged in
2026-02-01 10:24:45,INFO,Scheduled task completed
2026-02-01 10:25:30,ERROR,Disk space running low
2026-02-01 10:26:15,WARNING,Timeout on request
2026-02-01 10:27:00,INFO,Cache cleared successfully
2026-02-01 10:27:45,INFO,Cache cleared successfully
2026-02-01 10:28:30,WARNING,Timeout on request
2026-02-01 10:29:15,WARNING,Failed to connect to database
2026-02-01 10:30:00,ERROR,Service restarted
2026-02-01 10:30:45,ERROR,Cache cleared successfully
2026-02-01 10:31:30,WARNING,User logged in
2026-02-01 10:32:15,ERROR,Service restarted
2026-02-01 10:33:00,INFO,Cache cleared successfully
2026-02-01 10:33:45,ERROR,Disk space running low
2026-02-01 10:34:30,INFO,Scheduled task completed
2026-02-01 10:35:15,WARNING,High memory usage detected
2026-02-01 10:36:00,ERROR,Failed to connect to database
2026-02-01 10:36:45,WARNING,High memory usage detected
2026-02-01 10:37:30,WARNING,Cache cleared successfully
2026-02-01 10:38:15,WARNING,High memory usage detected
2026-02-01 10:39:00,WARNING,Unexpected input received
2026-02-01 10:39:45,ERROR,Failed to connect to database
2026-02-01 10:40:30,INFO,Application started
2026-02-01 10:41:15,WARNING,Scheduled task completed
2026-02-01 10:42:00,ERROR,Failed to connect to database
2026-02-01 10:42:45,WARNING,Service restarted
2026-02-01 10:43:30,ERROR,Failed to connect to database
2026-02-01 10:44:15,INFO,Application started
2026-02-01 10:45:00,INFO,Service restarted
2026-02-01 10:45:45,INFO,Cache cleared successfully
2026-02-01 10:46:30,ERROR,Unexpected input received
2026-02-01 10:47:15,ERROR,Disk space running low
2026-02-01 10:48:00,INFO,Timeout on request
2026-02-01 10:48:45,WARNING,Unexpected input received
2026-02-01 10:49:30,INFO,Scheduled task completed
2026-02-01 10:50:15,WARNING,Cache cleared successfully
2026-02-01 10:51:00,ERROR,Failed to connect to database
2026-02-01 10:51:45,INFO,High memory usage detected
2026-02-01 10:52:30,INFO,Disk space running low
2026-02-01 10:53:15,WARNING,Disk space running low
2026-02-01 10:54:00,INFO,High memory usage detected
2026-02-01 10:54:45,WARNING,Scheduled task completed
2026-02-01 10:55:30,ERROR,User logged in
2026-02-01 10:56:15,INFO,Disk space running low
2026-02-01 10:57:00,ERROR,Unexpected input received
2026-02-01 10:57:45,WARNING,Application started
2026-02-01 10:58:30,ERROR,User logged in
2026-02-01 10:59:15,WARNING,User logged in
2026-02-01 11:00:00,ERROR,Failed to connect to database
2026-02-01 11:00:45,INFO,Unexpected input received
2026-02-01 11:01:30,ERROR,Scheduled task completed
2026-02-01 11:02:15,ERROR,Application started
2026-02-01 11:03:00,INFO,Unexpected input received
2026-02-01 11:03:45,INFO,High memory usage detected
2026-02-01 11:04:30,WARNING,User logged in
2026-02-01 11:05:15,WARNING,Disk space running low
2026-02-01 11:06:00,ERROR,Unexpected input received
2026-02-01 11:06:45,INFO,Failed to connect to database
2026-02-01 11:07:30,WARNING,Service restarted
2026-02-01 11:08:15,WARNING,User logged in
2026-02-01 11:09:00,ERROR,Failed to connect to database
2026-02-01 11:09:45,ERROR,Unexpected input received
2026-02-01 11:10:30,ERROR,Unexpected input received
2026-02-01 11:11:15,ERROR,Cache cleared successfully
2026-02-01 11:12:00,INFO,Timeout on request
2026-02-01 11:12:45,INFO,High memory usage detected
2026-02-01 11:13:30,ERROR,High memory usage detected
2026-02-01 11:14:15,ERROR,User logged in
2026-02-01 11:15:00,WARNING,Timeout on request
2026-02-01 11:15:45,WARNING,User logged in
2026-02-01 11:16:30,INFO,Timeout on request
2026-02-01 11:17:15,WARNING,Scheduled task completed
2026-02-01 11:18:00,ERROR,Failed to connect to database
2026-02-01 11:18:45,INFO,Scheduled task completed
2026-02-01 11:19:30,INFO,Cache cleared successfully
2026-02-01 11:20:15,WARNING,Disk space running low
2026-02-01 11:21:00,ERROR,Scheduled task completed
2026-02-01 11:21:45,ERROR,Application started
2026-02-01 11:22:30,INFO,Unexpected input received
2026-02-01 11:23:15,WARNING,Timeout on request
2026-02-01 11:24:00,INFO,Timeout on request
2026-02-01 11:24:45,ERROR,Scheduled task completed
2026-02-01 11:25:30,INFO,Application started
2026-02-01 11:26:15,ERROR,Disk space running low
2026-02-01 11:27:00,INFO,Timeout on request
2026-02-01 11:27:45,WARNING,Unexpected input received
2026-02-01 11:28:30,ERROR,Application started
2026-02-01 11:29:15,WARNING,Service restarted
